"GeoGuide";"Guides";"Geo-Guide";;"Geo-Guide"
"GeoGuide0001";"GeoGuide";"Interdisziplinäres im Allgemeinen";"lkl=x 000";"Interdisciplinary: General "
"GeoGuide0014";"GeoGuide0001";"Fokus auf Chemie";"lkl=x 100";"Focus on Chemistry "
"GeoGuide0015";"GeoGuide0001";"Fokus auf Physik";"lkl=x 200";"Focus on Physics "
"GeoGuide0016";"GeoGuide0001";"Fokus auf Technik und Ingenieurwesen";"lkl=x 300";"Focus on Technics, Engineering "
"GeoGuide0017";"GeoGuide0001";"Fokus auf Naturkunde";"lkl=x 400";"Focus on Natural History "
"GeoGuide0018";"GeoGuide0001";"Fokus auf Biologie";"lkl=x 500";"Focus on Biology "
"GeoGuide0019";"GeoGuide0001";"Fokus auf Agrarwesen";"lkl=x 600";"Focus on Agriculture "
"GeoGuide0002";"GeoGuide";"Extraterrestrische Forschung -Astronomie";"lkl=x 700";"Extraterrestrial Research - Astronomy "
"GeoGuide0008";"GeoGuide";"Geologische Wissenschaften";"lkl=v 000";"Geosiences"
"GeoGuide0060";"GeoGuide0008";"Theoretische Grundlagen {Geologische Wissenschaften}";"lkl=v 100";"Theoretical Fundamentals {Geosciences}"
"GeoGuide0061";"GeoGuide0008";"Wissenschaftsorganisation und -Pflege {Geologische Wissenschaften}";"lkl=v 200";"Scientific Organization and Development {Geosciences}"
"GeoGuide0062";"GeoGuide0008";"Methodik. Arbeitsmittel. Abkürzungsverzeichnisse {Geologische Wissenschaften}";"lkl=v 300";"Methods, Tools, and Abbreviations {Geosciences}"
"GeoGuide0063";"GeoGuide0008";"Geschichte der Geologie";"lkl=v 400";"History of Geology"
"GeoGuide0065";"GeoGuide0008";"Allgemeine Geologie";"lkl=va 000";"General Geology"
"GeoGuide0075";"GeoGuide0065";"Endogene Dynamik {Geologie}";"lkl=vab 000";"Endogenous Dynamics {Geology}"
"GeoGuide0077";"GeoGuide0075";"Magmatismus {Geologie}";"lkl=vac 000";"Magmatism {Geology}"
"GeoGuide0078";"GeoGuide0075";"Vulkanismus {Geologie}";"lkl=vad 000";"Volcanism {Geology}"
"GeoGuide0079";"GeoGuide0075";"Tektonik {Geologie}";"lkl=vae 000";"Tectonics {Geology}"
"GeoGuide0080";"GeoGuide0075";"Metamorphose {Geologie}";"lkl=vaea 000";"Metamorphism {Geology}"
"GeoGuide0081";"GeoGuide0075";;"lkl=vaeb 000";"Fluids"
"GeoGuide0076";"GeoGuide0065";"Exogene Dynamik im Allgemeinen {Geologie}";"lkl=vaf 000";"Exogene Dynamics in General {Geology}"
"GeoGuide0082";"GeoGuide0076";"Geomorphologie {Geologie}";"lkl=vag 000";"Geomorphology {Geology}"
"GeoGuide0083";"GeoGuide0076";"Verwitterung {Geologie}";"lkl=vah 000";"Weathering {Geology}"
"GeoGuide0084";"GeoGuide0076";"Abtragung im Allgemeinen {Geologie}";"lkl=vaj 000";"Erosion (Denudation) {Geology}"
"GeoGuide0085";"GeoGuide0076";"Sedimentation im Allgemeinen {Geologie}";"lkl=vak 000";"Sedimentation in General {Geology}"
"GeoGuide0086";"GeoGuide0076";"Krustenbildung {Geologie}";"lkl=val 000";"Incrustation (in Soil and on Rocks) {Geology}"
"GeoGuide0087";"GeoGuide0076";"Äolische Bildungen und Erscheinungen {Geologie}";"lkl=vam 000";"Eolian Processes {Geology}"
"GeoGuide0088";"GeoGuide0076";"Geologische Tätigkeit des Fliessenden Wassers {Geologie}";"lkl=van 000";"Fluvial Processes {Geology}"
"GeoGuide0089";"GeoGuide0076";"Karst- und Höhlenkunde";"lkl=vao 000";"Speleology and Karstology"
"GeoGuide0090";"GeoGuide0076";"Moorkunde {Geologie}";"lkl=vap 000";"Telmatology, Mire Research {Geology}"
"GeoGuide0091";"GeoGuide0076";"Gletscherkunde";"lkl=vaq 000";"Glaciology"
"GeoGuide0092";"GeoGuide0076";"Glazialgeologie";"lkl=var 000";"Glacial Geology"
"GeoGuide0093";"GeoGuide0076";"Frostbodenkunde";"lkl=vas 000";"Cryopedology (Study of Frozen Ground)"
"GeoGuide0094";"GeoGuide0076";"Meeresgeologie";"lkl=vat 000";"Marine Geology"
"GeoGuide0066";"GeoGuide0008";"Angewandte Geologie";"lkl=vb 000";"Applied geology"
"GeoGuide0095";"GeoGuide0066";"Allgemeine Verfahren {Angewandte Geologie}";"lkl=vba 000";"General Methods {Applied Geology}"
"GeoGuide0096";"GeoGuide0066";"Experimentelle Geologie";"lkl=vbb 000";"Experimental Geology"
"GeoGuide0097";"GeoGuide0066";"Geologische Feldarbeit";"lkl=vbc 000";"Geological Field Work"
"GeoGuide0098";"GeoGuide0066";"Mathematische und Statistische Geologie";"lkl=vbd 000";"Mathematical and Statistical Geology"
"GeoGuide0099";"GeoGuide0066";"Modellierung von Prozessen in der Geosphäre";"lkl=vbe 000";"Modelling of Processes in the Geosphere"
"GeoGuide0100";"GeoGuide0066";"Elektronische Datenverarbeitung in der Geologie";"lkl=vbf 000";"Electronical Data Processing in Geology"
"GeoGuide0101";"GeoGuide0066";"Geologische Kartographie";"lkl=vbg 000";"Geological Cartography"
"GeoGuide0102";"GeoGuide0066";"Fernerkundung";"lkl=vbh 000";"Remote Sensing"
"GeoGuide0103";"GeoGuide0066";"Luftbildgeologie";"lkl=vbi 000";"Photogeology"
"GeoGuide0104";"GeoGuide0066";"Satellitenbildgeologie";"lkl=vbj 000";"Satellite Geology"
"GeoGuide0105";"GeoGuide0066";"Geobotanische Verfahren in der angewandten Geologie";"lkl=vbk 000";"Geobotanical Methods in Applied Geology"
"GeoGuide0106";"GeoGuide0066";"Geologische Bohrungen";"lkl=vbl 000";"Geological Drilling (includes Exploration Drilling)"
"GeoGuide0107";"GeoGuide0066";"Geologische Interpretation geophysikalischer Beobachtungen";"lkl=vbm 000";"Geological Interpretations of Geophysical Data"
"GeoGuide0108";"GeoGuide0066";"Geochronologie";"lkl=vbn 000";"Geochronology"
"GeoGuide0109";"GeoGuide0066";"Isotopengeologie";"lkl=vbo 000";"Isotope Geology"
"GeoGuide0110";"GeoGuide0066";"Ingenieurgeologie";"lkl=vbp 000";"Engineering Geology and Geotechnics"
"GeoGuide0111";"GeoGuide0066";"Hydrogeologie";"lkl=vbq 000";"Hydrogeology"
"GeoGuide0112";"GeoGuide0066";;"lkl=vbr 000";"Mining geology"
"GeoGuide0114";"GeoGuide0066";"Umweltgeologie";"lkl=vbs 000";"Environmental geology"
"GeoGuide0115";"GeoGuide0066";;"lkl=vbt 000";"Economic geology"
"GeoGuide0116";"GeoGuide0066";"Industriegeologie";"lkl=vbu 000";"Industrial Geology"
"GeoGuide0117";"GeoGuide0066";"Nationales und internationales Recht in der Geologie";"lkl=vbv 000";"National and International Law in Geology"
"GeoGuide0118";"GeoGuide0066";"Forensische Geologie";"lkl=vbw 000";"Forensic geology"
"GeoGuide0067";"GeoGuide0008";"Regionale Geologie";"lkl=ve 000";"Geology - Regional"
"GeoGuide0068";"GeoGuide0008";"Historische Geologie und Paläogeographie";"lkl=vc 000";"Historical geology and paläogeography"
"GeoGuide0119";"GeoGuide0068";"Historische Geologie";"lkl=vca 000";"Earth history"
"GeoGuide0120";"GeoGuide0068";"Paläogeographie";"lkl=vcb 000";"Palaeogeography"
"GeoGuide0121";"GeoGuide0068";"Stratigraphie";"lkl=vd 000";"Stratigraphy"
"GeoGuide0069";"GeoGuide0008";"Palöontologie";"lkl=vu 000";"Palaeontology"
"GeoGuide0122";"GeoGuide0069";;"lkl=wuo 000";"Micropalaeontology (geomicrobiology)"
"GeoGuide0123";"GeoGuide0069";"Stratigraphische Paläontologie";"lkl=vw 000";"Stratigraphic Paleontology"
"GeoGuide0124";"GeoGuide0069";"Paläozoologie";"lkl=vx 000";"Paleozoology"
"GeoGuide0125";"GeoGuide0069";"Paläobotanik";"lkl=vy 000";"Palaeobotany"
"GeoGuide0126";"GeoGuide0069";"Regionale Paläontologie";"lkl=vz 000";"Regional Paleontology"
"GeoGuide0070";"GeoGuide0008";"Mineralogie";"lkl=vf 000";"Mineralogy"
"GeoGuide0128";"GeoGuide0070";"Anleitung zum Sammeln von Mineralien";"lkl=vfa 000";"Instructions for Collecting Minerals"
"GeoGuide0129";"GeoGuide0070";"Besondere Mineralfundstellen";"lkl=vfb 000";"Mineral Sites"
"GeoGuide0130";"GeoGuide0070";"Mineralogische Sammlungen";"lkl=vfc 000";"Mineral collections"
"GeoGuide0131";"GeoGuide0070";"Allgemeine Mineralogie und Kristallographie";"lkl=vg 000";"General mineralogy and crystallography"
"GeoGuide0132";"GeoGuide0070";"Kristallographie";"lkl=vga 000";"Crystallography"
"GeoGuide0133";"GeoGuide0070";"Mineralbestimmung, Mineraluntersuchung";"lkl=vgb 000";"Mineral Identification and Analysis"
"GeoGuide0134";"GeoGuide0070";"Mineralchemie";"lkl=vgc 000";"Mineral Chemistry"
"GeoGuide0135";"GeoGuide0070";"Mineralphysik";"lkl=vgd 000";"Mineral Physics"
"GeoGuide0136";"GeoGuide0070";"Mineralbildung (Mineralgenese)";"lkl=vge 000";"Mineral Genesis"
"GeoGuide0137";"GeoGuide0070";"Mineralparagenese";"lkl=vgf 000";"Mineral paragenesis"
"GeoGuide0138";"GeoGuide0070";"Spezielle Mineralogie";"lkl=vh 000";"Systematic Mineralogy"
"GeoGuide0139";"GeoGuide0070";"Edelsteinkunde";"lkl=vhd 000";"Gemology"
"GeoGuide0140";"GeoGuide0070";"Technische Mineralogie";"lkl=vi 000";"Technical Mineralogy"
"GeoGuide0071";"GeoGuide0008";"Geochemie";"lkl=vj 000";"Geochemistry"
"GeoGuide0141";"GeoGuide0071";"Analytische Geochemie";"lkl=vja 000";"Analytical Geochemistry"
"GeoGuide0142";"GeoGuide0071";"Geochemie des Erdkörpers";"lkl=vjb 000";"Geochemistry of the Earth"
"GeoGuide0143";"GeoGuide0071";"Aquatische Geochemie";"lkl=vjc 000";"Aquatic Geochemistry"
"GeoGuide0144";"GeoGuide0071";"Geochemie der Atmosphäre";"lkl=vjd 000";"Geochemistry of the Atmosphere"
"GeoGuide0145";"GeoGuide0071";"Organische Geochemie";"lkl=vje 000";"Organic geochemistry"
"GeoGuide0146";"GeoGuide0071";"Umweltgeochemie insgesamt";"lkl=vjf 000";"Environmental geochemistry"
"GeoGuide0147";"GeoGuide0071";"Erde-Kosmos-Beziehungen {Geochemie}";"lkl=vjg 000";"Earth-Cosmos Relations {Geochemistry}"
"GeoGuide0148";"GeoGuide0071";"Geochemische Prozesse, Physikalische Geochemie";"lkl=vjh 000";"Geochemical processes, physical geochemistry"
"GeoGuide0149";"GeoGuide0071";"Geochemische Kreislaufmodelle";"lkl=vji 000";"Geochemical cycles"
"GeoGuide0150";"GeoGuide0071";"Spezielle Geochemie";"lkl=vjj 000";"Element abundance"
"GeoGuide0072";"GeoGuide0008";"Petrologie";"lkl=vk 000";"Petrology"
"GeoGuide1151";"GeoGuide0072";"Allgemeine Petrologie";"lkl=vka 000";"Rock characteristics and properties"
"GeoGuide1152";"GeoGuide0072";"Petrologie der Magmatite";"lkl=vkb 100";"Igneous petrology"
"GeoGuide1153";"GeoGuide0072";"Petrologie der Metamorphite";"lkl=vkb 200";"Metamorphic petrology"
"GeoGuide1154";"GeoGuide0072";"Sedimentologie";"lkl=vkb 300";"Sedimentary petrology"
"GeoGuide1155";"GeoGuide0072";"Petrologie der Meteorite";"lkl=vkb 400";"Meteorites"
"GeoGuide0073";"GeoGuide0008";"Lagerstättenkunde";"lkl=vq 000";"Economic Geology"
"GeoGuide0151";"GeoGuide0073";"Explorations- und Prospektionsmethoden";"lkl=vqa 000";"Methods in exploration and prospection"
"GeoGuide0152";"GeoGuide0073";;"lkl=vqb 000";"Structure of mineral deposits"
"GeoGuide0153";"GeoGuide0073";"Lagerstättengenese";"lkl=vqc 000";"Mineral deposits genesis"
"GeoGuide0154";"GeoGuide0073";"Allgemeine Lagerstättentypen";"lkl=vqd 000";"Mineral deposits types"
"GeoGuide0155";"GeoGuide0073";"Spezielle Lagerstättenkunde";"lkl=vr 000";"Special Geology of Mineral Deposits"
"GeoGuide0156";"GeoGuide0073";"Lagerstättenkunde der Metalle";"lkl=vra 000";"Geology of Ore Deposits"
"GeoGuide0157";"GeoGuide0073";"Industrieminerale, Steine und Erden";"lkl=vrb 000";"Geology of industrial minerals and mass rocks"
"GeoGuide0158";"GeoGuide0073";"Sulfatlagerstätten";"lkl=vrc 000";"Sulphate deposits"
"GeoGuide0159";"GeoGuide0073";"Salzlagerstätten";"lkl=vrd 000";"Salt deposits"
"GeoGuide0160";"GeoGuide0073";"Kohlenwasserstofflagerstätten";"lkl=vre 000";"Petroleum geology"
"GeoGuide0161";"GeoGuide0073";"Kohlenlagerstätten";"lkl=vrf 000";"Coal deposits"
"GeoGuide0162";"GeoGuide0073";"Minerallagerstätten - Regional";"lkl=vt 000";"Regional Mineral Deposits"
"GeoGuide0003";"GeoGuide";"Geophysik";"lkl=tm 000";"Geophysics"
"GeoGuide0020";"GeoGuide0003";;"lkl=toa 000";"Solid earth geophysics"
"GeoGuide0023";"GeoGuide0020";"Periodische Bewegungen der Erde {Geophysik}";"lkl=tob 000";"Periodic Movements of the Earth {Geophysics}"
"GeoGuide0024";"GeoGuide0020";"Entstehung und Entwicklung der Erde {Geophysik}";"lkl=toc 000";"Formation and Develpoment of the Earth {Geophysics}"
"GeoGuide0025";"GeoGuide0020";"Struktur der Erde {Geophysik}";"lkl=tod 000";"Structure of the Earth {Geophysics}"
"GeoGuide0026";"GeoGuide0020";"Physikalisches Verhalten der Erde {Geophysik}";"lkl=toe 000";"Physical Behavior of the Earth {Geophysics}"
"GeoGuide0027";"GeoGuide0020";"Schwerkraft {Geophysik}";"lkl=tof 000";"Gravitation {Geophysics}"
"GeoGuide0028";"GeoGuide0020";"Isostasie {Geophysik}";"lkl=tog 000";"Isostasy {Geophysics}"
"GeoGuide0029";"GeoGuide0020";"Seismologie {Geophysik}";"lkl=toh 000";"Seismology {Geophysics}"
"GeoGuide0030";"GeoGuide0020";"Strahlungsphysik und Radioaktivität der Erde {Geophysik}";"lkl=tom 000";"Radiation Physics and Radioactivity of the Earth {Geophysics}"
"GeoGuide0031";"GeoGuide0020";"Geothermik {Geophysik}";"lkl=too 000";"Geothermics {Geophysics}"
"GeoGuide0032";"GeoGuide0020";"Erdelektrizität {Geophysik}";"lkl=tor 000";"Geoelectrics {Geophysics}"
"GeoGuide0033";"GeoGuide0020";"Erdmagnetismus {Geophysik}";"lkl=tot 000";"Geomagnetism {Geophysics}"
"GeoGuide0034";"GeoGuide0003";"Paläogeophysik {Geophysik}";"lkl=tov 000";"Paleogeophysics {Geophysics}"
"GeoGuide0021";"GeoGuide0020";"Angewandte Geophysik";"lkl=tq 000";"Applied Geophysics"
"GeoGuide0035";"GeoGuide0021";"Gravimetrische Verfahren {Geophysik}";"lkl=tqa 000";"Gravimetric Methods {Geophysics}"
"GeoGuide0036";"GeoGuide0021";"Erdmagnetische Verfahren {Geophysik}";"lkl=tqb 000";"Geomagnetic Methods {Geophysics}"
"GeoGuide0037";"GeoGuide0021";"Seismische Verfahren {Geophysik}";"lkl=tqc 000";"Seismic Methods {Geophysics}"
"GeoGuide0038";"GeoGuide0021";"Elektrische Verfahren {Geophysik}";"lkl=tqd 000";"Electrical Methods {Geophysics}"
"GeoGuide0039";"GeoGuide0021";"Isotopengeophysik";"lkl=tqe 000";"Isotope Geophysics {Geophysics}"
"GeoGuide0040";"GeoGuide0021";"Geothermische Verfahren {Geophysik}";"lkl=tqf 000";"Geothermal Methods {Geophysics}"
"GeoGuide0041";"GeoGuide0021";"Geophysikalische Bohrlochmessungen";"lkl=tqg 000";"Well Logging {Geophysics}"
"GeoGuide0042";"GeoGuide0021";"Aerogeophysik";"lkl=tqh 000";"Airborne Geophysical Methods"
"GeoGuide0043";"GeoGuide0021";;"lkl=tqi 000";"Composite surveys"
"GeoGuide0044";"GeoGuide0021";"Geophysikalische Methoden in anderen Wissenschaftsgebieten";"lkl=tqj 000";"Application of Geophysics in Other Science"
"GeoGuide0045";"GeoGuide0021";"Sonstige Verfahren {Geophysik}";"lkl=tqk 000";"Other Methods {Geophysics}"
"GeoGuide0022";"GeoGuide0003";"Regionale Geophysik";"lkl=ts 000";"Geophysics - Regional"
"GeoGuide0004";"GeoGuide";"Geodäsie";"lkl=un 000";"Geodesy"
"GeoGuide0005";"GeoGuide";"Meteorologie und Klimatologie";"lkl=tt 000";"Meteorology and Climatology"
"GeoGuide0006";"GeoGuide";"Hydrologie";"lkl=ua 000";"Hydrology"
"GeoGuide0046";"GeoGuide0006";"Methodische Anleitungen {Hydrologie}";"lkl=ua 200";"Methodical Manuals {Hydrology}"
"GeoGuide0047";"GeoGuide0006";;"lkl=ua 600";"History of hydrology"
"GeoGuide0048";"GeoGuide0006";"Hydrosphäre der Festlandgewässer {Hydrologie}";"lkl=ub 000";"Hydrosphere of Inland Waters in General"
"GeoGuide0049";"GeoGuide0006";"Oberflächenwasser {Hydrologie, Gewässertypologie}";"lkl=ubb 100";"Surface Water {Hydrology}"
"GeoGuide0050";"GeoGuide0006";"Unterirdische Gewässer insgesamt {Hydrologie}";"lkl=ubf 000";"Subsurface Waters {Hydrology}"
"GeoGuide0051";"GeoGuide0006";"Wasserhaushalt {Hydrologie}";"lkl=ubo 000";"Water Balance {Hydrology}"
"GeoGuide0052";"GeoGuide0006";"Angewandte Hydrologie";"lkl=uc 000";"Applied Hydrology"
"GeoGuide0053";"GeoGuide0006";"Regionale Hydrologie";"lkl=ud 000";"Regional Hydrology"
"GeoGuide0007";"GeoGuide";"Ozeanologie";"lkl=ug 000";"Oceanography"
"GeoGuide0054";"GeoGuide0007";"Geschichte der Ozeanologie";"lkl=ugb 100";"History of Oceanography"
"GeoGuide0055";"GeoGuide0007";"Theoretische Grundlagen der Ozeanologie";"lkl=ugb 200";"Theoretical Fundamentals {Oceanography}"
"GeoGuide0056";"GeoGuide0007";"Methodische Anleitungen {Ozeanologie}";"lkl=ugd 000";"Methods {Oceanography}"
"GeoGuide0057";"GeoGuide0007";"Allgemeine Ozeanologie";"lkl=uh 000";"General Oceanography"
"GeoGuide0058";"GeoGuide0007";"Angewandte Ozeanologie";"lkl=uhk 000";"Applied Oceanography"
"GeoGuide0059";"GeoGuide0007";"Regionale Ozeanologie";"lkl=uk 000";"Regional Oceanography"
"GeoGuide0074";"GeoGuide0008";"Bodenkunde";"lkl=vn 000";"Soil Science"
"GeoGuide0163";"GeoGuide0074";"Bodenuntersuchung, Bodenanalyse";"lkl=voa 000";"Soil Analysis"
"GeoGuide0164";"GeoGuide0074";"Bodenökologie";"lkl=vob 000";"Soil Ecology (Properties and Composition)"
"GeoGuide0165";"GeoGuide0074";"Bodenart - Mineralische Bodensubstanz";"lkl=voba 000";"Soil Type: Soil Minerals"
"GeoGuide0166";"GeoGuide0074";"Chemische und Physikochemische Bodeneigenschaften";"lkl=vobb 000";"Chemical and Physicochemical Properties {Soil Science}"
"GeoGuide0167";"GeoGuide0074";"Physikalische Bodeneigenschaften";"lkl=vobc 000";"Physical Soil Properties"
"GeoGuide0168";"GeoGuide0074";"Bodenbiologie";"lkl=vobd 000";"Soil Biology"
"GeoGuide0169";"GeoGuide0074";"Bodenbildung und Bodenentwicklung";"lkl=voe 000";"Pedogenesis"
"GeoGuide0170";"GeoGuide0074";"Bodenhorizonte";"lkl=vof 000";"Soil Morphology"
"GeoGuide0171";"GeoGuide0074";"Bodensystematik";"lkl=voh 000";"Soil Classification"
"GeoGuide0172";"GeoGuide0074";"Bodengeographie";"lkl=vol 000";"Soil Geography"
"GeoGuide0173";"GeoGuide0074";"Bodenaufnahme und Bodenkartierung";"lkl=vom 000";"Soil Mapping and Surveying"
"GeoGuide0174";"GeoGuide0074";"Bodenverschlechterung. Bodenkontamination";"lkl=von 000";"Soil Degradation and Soil Contamination"
"GeoGuide0175";"GeoGuide0074";"Bodenerosion";"lkl=voo 000";"Soil Erosion"
"GeoGuide0176";"GeoGuide0074";"Bodenerhaltung. Bodenschutz";"lkl=vop 000";"Soil Conservation and Soil Protection"
"GeoGuide0178";"GeoGuide0074";"Regionale Bodenkunde";"lkl=vp 000";"Regional Pedology"
"GeoGuide0011";"GeoGuide";"Geographie";"lkl=qa 000";"Geography"
"GeoGuide0220";"GeoGuide0011";"Geoinformationssysteme {Geographie}";"lkl=qbd 700";"GIS - Geographical Information Systems {Geography}"
"GeoGuide0221";"GeoGuide0220";"GIS: Methodische Anleitungen";"lkl=qbda 700";"GIS: methodology"
"GeoGuide0222";"GeoGuide0220";"GIS: Regionale und Thematische Anwendungen";"lkl=qbdb 700";"GIS: regional, thematic relation"
"GeoGuide0223";"GeoGuide0220";"GIS: Softwareanbieter";"lkl=qbdc 700";"GIS: Software Providers "
"GeoGuide0224";"GeoGuide0011";"Physische Geographie";"lkl=qd 000";"Physical Geography"
"GeoGuide0225";"GeoGuide0224";"Geomorphologie {Physische Geographie}";"lkl=qdb 000";"Geomorphology {Physical Geography}"
"GeoGuide0226";"GeoGuide0224";"Biogeographie";"lkl=qdj 000";"Biogeography"
"GeoGuide0227";"GeoGuide0224";"Allgemeine Naturlandschaftskunde";"lkl=qdn 000";"Landscape Ecology, Geoecology"
"GeoGuide0228";"GeoGuide0011";"Anthropogeographie";"lkl=qe 000";"Human Geography, Anthropogeography"
"GeoGuide0229";"GeoGuide0228";"Sozialgeographie im engeren Sinn";"lkl=qea 000";"Social Geography"
"GeoGuide0230";"GeoGuide0228";"Medizinische Geographie";"lkl=qef 000";"Medical Geography"
"GeoGuide0231";"GeoGuide0228";"Bevölkerungsgeographie und Wanderungsforschung";"lkl=qeg 000";"Population Geography and Migration Analysis"
"GeoGuide0232";"GeoGuide0228";"Religionsgeographie";"lkl=qeh 000";"Religion Geography"
"GeoGuide0233";"GeoGuide0228";"Politische Geographie, Geopolitik";"lkl=qei 000";"Political Geography, Geopolitics"
"GeoGuide0234";"GeoGuide0228";"Historische Geographie";"lkl=qek 000";"Historical Geography"
"GeoGuide0235";"GeoGuide0228";"Siedlungsgeographie";"lkl=qen 000";"Urban Geography, Settlement Geography"
"GeoGuide0236";"GeoGuide0228";"Wirtschaftsgeographie";"lkl=qer 000";"Economic Geography"
"GeoGuide0237";"GeoGuide0011";"Angewandte Geographie";"lkl=qf 000";"Applied Geography"
"GeoGuide0238";"GeoGuide0237";"Angewandte PhysikalischeGeographie";"lkl=qfc 000";"Applied Physical Geography"
"GeoGuide0239";"GeoGuide0237";"Raumordnung/Raumplanung";"lkl=qfg 000";"Regional Planning"
"GeoGuide0240";"GeoGuide0237";"Entwicklungsländerforschung";"lkl=qfk 000";"Developing Countries Studies"
"GeoGuide0241";"GeoGuide0011";"Regionale Geographie";"lkl=qg 000";"Regional Geography"
"GeoGuide0242";"GeoGuide0241";"Gesamte Erde";"lkl=qg 100";"Earth as a Whole"
"GeoGuide0243";"GeoGuide0241";"Landschaftsgürtel und Großlandschaften der Erde {Geographie}";"lkl=qg 300";"Landscapes and Large Areas of Earth"
"GeoGuide0244";"GeoGuide0241";"Europa {Geographie}";"lkl=qga 000";"Europe {Geography}"
"GeoGuide0245";"GeoGuide0241";"Asien {Geographie}";"lkl=qgh 000";"Asia {Geography}"
"GeoGuide0246";"GeoGuide0241";"Afrika {Geographie}";"lkl=qgn 000";"Africa {Geography}"
"GeoGuide0247";"GeoGuide0241";"Amerika {Geographie}";"lkl=qgv 000";"America {Geography}"
"GeoGuide0248";"GeoGuide0241";"Nordamerika {Geographie}";"lkl=qgw 000";"North America {Geography}"
"GeoGuide0249";"GeoGuide0241";"Mittel- und Südamerika {Geographie}";"lkl=qgx 000";"Central and South America {Geography}"
"GeoGuide0250";"GeoGuide0241";"Australien und Ozeanien {Geographie}";"lkl=qgy 000";"Australia and Oceania {Geography}"
"GeoGuide0251";"GeoGuide0241";"Polargebiete {Geographie}";"lkl=qgz 100";"Polar Zone {Geography}"
"GeoGuide0252";"GeoGuide0241";"Meeresräume {Geographie}";"lkl=qgz 500";"Oceans {Geography}"
"GeoGuide0012";"GeoGuide";"Kartographie";"lkl=ut 000";"Cartography"
"GeoGuide0253";"GeoGuide0012";"Kartographie im Allgemeinen";"lkl=uu 000";"General Cartography"
"GeoGuide0254";"GeoGuide0012";"Geschichte der Kartographie";"lkl=uub 000";"History of Cartography"
"GeoGuide0255";"GeoGuide0012";"Thematische Kartographie";"lkl=uwe 000";"Thematic Cartography"
"GeoGuide0256";"GeoGuide0012";"Kartographie einzelner Regionen";"lkl=uy 000";"Regional Cartography"
"GeoGuide0013";"GeoGuide";"Karten";"lkl=uqa 000";"Maps"
"GeoGuide0257";"GeoGuide0013";"Karten zu den Geisteswissenschaften";"lkl=uqb 000";"Maps: Humanities"
"GeoGuide0258";"GeoGuide0013";"Karten zu Religionswissenschaft, Theologie";"lkl=uqb 200";"Maps: Religious Science, Theology"
"GeoGuide0259";"GeoGuide0013";"Karten zur Geschichte";"lkl=uqc 000";"Maps: History"
"GeoGuide0260";"GeoGuide0013";"Karten zu den allgemeinen Sprachwissenschaften";"lkl=uqd 000";"Maps: General Linguistics"
"GeoGuide0261";"GeoGuide0013";"Karten zu Kunst, Theater, Musik";"lkl=uqd 900";"Maps: Art, Theater, and Music"
"GeoGuide0262";"GeoGuide0013";"Karten zu den Exakten Wissenschaften";"lkl=uqe 000";"Maps: Exact Sciences"
"GeoGuide0263";"GeoGuide0013";"Karten zu den Geowissenschaften";"lkl=uqf 000";"Maps: Earth Science"
"GeoGuide0264";"GeoGuide0263";"Karten zur Geophysik";"lkl=uqf 200";"Maps: Geophysics"
"GeoGuide0265";"GeoGuide0263";"Karten zur Meteorologie und Klimatologie";"lkl=uqf 600";"Maps: Meteorology and Climatology"
"GeoGuide0266";"GeoGuide0263";"Karten zur Geologie";"lkl=uqg 000";"Maps: Geology"
"GeoGuide0267";"GeoGuide0263";"Karten zur Mineralogie und Gemologie";"lkl=uqi 100";"Maps: Mineralogy and Gemology"
"GeoGuide0268";"GeoGuide0263";"Karten zur Geochemie";"lkl=uqi 300";"Maps: Geochemistry"
"GeoGuide0269";"GeoGuide0263";"Karten zur Petrologie";"lkl=uqi 500";"Maps: Petrology"
"GeoGuide0270";"GeoGuide0263";"Karten zur Bodenkunde";"lkl=uqi 700";"Maps: Soil Science"
"GeoGuide0271";"GeoGuide0263";"Karten zur Lagerstättenkunde, Geologie der Minerallagerstätten";"lkl=uqj 000";"Maps: Economic Geology, Geology of Mineral Deposits"
"GeoGuide0272";"GeoGuide0263";"Karten zur Ozeanologie und marinen Geologie";"lkl=uqk 100";"Maps: Oceanography and Marine Geology"
"GeoGuide0273";"GeoGuide0263";"Karten zur Hydrogeologie";"lkl=uqk 400";"Maps: Hydrogeology"
"GeoGuide0274";"GeoGuide0013";"Karten zur Astronomie";"lkl=uql 000";"Maps: Astronomy"
"GeoGuide0275";"GeoGuide0013";"Karten zu Biologie und Ökologie";"lkl=uqm 000";"Maps: Biology and Ecology"
"GeoGuide0276";"GeoGuide0013";"Karten zu Umweltforschung";"lkl=uqm 400";"Maps: Environmental Research"
"GeoGuide0277";"GeoGuide0013";"Karten zur Land- und Forstwirtschaft";"lkl=uqm 600";"Maps: Agriculture and Forestry"
"GeoGuide0278";"GeoGuide0013";"Karten zur Medizin";"lkl=uqm 800";"Maps: Medical Science"
"GeoGuide0279";"GeoGuide0013";"Karten zur Technik";"lkl=uqn 000";"Maps: Engineering"
"GeoGuide0280";"GeoGuide0013";"Karten zum Bergbau";"lkl=uqn 300";"Maps: Mining"
"GeoGuide0281";"GeoGuide0013";"Karten zu den Sozialwissenschaften";"lkl=uqp 000";"Maps: Social Sciences"
"GeoGuide0282";"GeoGuide0281";"Karten zur Soziologie";"lkl=uqp 100";"Maps: Sociology"
"GeoGuide0283";"GeoGuide0013";"Karten zur Geographie";"lkl=uqq 000";"Maps: Geography"
"GeoGuide0284";"GeoGuide0013";"Karten zu Raumordnung und Städtebau";"lkl=uqr 100";"Maps: Regional Planning and Urban Development"
"GeoGuide0285";"GeoGuide0013";"Karten zu Sport, Freizeit und Erholung";"lkl=uqr 600";"Maps: Sport, Leisure Time, and Recreation"
"GeoGuide0286";"GeoGuide0013";"Karten zum Bildungswesen";"lkl=uqr 700";"Maps: Education System"
"GeoGuide0287";"GeoGuide0013";"Karten zur Wirtschaft";"lkl=uqs 000";"Maps: Economy"
"GeoGuide0288";"GeoGuide0013";"Karten zu Recht und Verwaltung";"lkl=uqt 000";"Maps: Legislation and Administration"
"GeoGuide0289";"GeoGuide0013";"Karten nach Regionen";"lkl=ur 000";"Regional Maps"
"GeoGuide0290";"GeoGuide0289";"Karten: Gesamte Erde";"lkl=ur 100";"Maps: World"
"GeoGuide0291";"GeoGuide0289";"Karten: Landschaftsgürtel und Großlandschaften der Erde";"lkl=ur 300";"Maps: Landscapes and Large Areas of Earth"
"GeoGuide0292";"GeoGuide0289";"Karten: Europa";"lkl=ura 000";"Maps: Europe"
"GeoGuide0293";"GeoGuide0289";"Karten: Asien";"lkl=urh 000";"Maps: Asia"
"GeoGuide0294";"GeoGuide0289";"Karten: Afrika";"lkl=urn 000";"Maps: Africa"
"GeoGuide0295";"GeoGuide0289";"Karten: Amerika";"lkl=urv 000";"Maps: America"
"GeoGuide0296";"GeoGuide0295";"Karten: Nordamerika";"lkl=urw 000";" Maps: North America"
"GeoGuide0297";"GeoGuide0295";"Karten: Mittel- und Südamerika";"lkl=urx 100";"Maps: Central and South America"
"GeoGuide0298";"GeoGuide0289";"Karten: Australien und Ozeanien";"lkl=ury 000";"Maps: Australia and Oceania"
"GeoGuide0299";"GeoGuide0289";"Karten: Polargebiete";"lkl=urz 100";"Maps: Polar Zone"
"GeoGuide0300";"GeoGuide0289";"Karten: Meeresräume";"lkl=urz 500";"Maps: Oceans"
"GeoGuide0301";"GeoGuide0289";"Karten: Weltall";"lkl=urz 900";"Maps: Universe"
"GeoGuide0009";"GeoGuide";"Bergbau";"lkl=zu 000";"Mining"
"GeoGuide0179";"GeoGuide0009";"Einzelne Bergbaugebiete {Technik: Bergbau}";"lkl=zu 060";"Mining Districts"
"GeoGuide0180";"GeoGuide0009";"Bergrecht {Technik: Bergbau}";"lkl=zu 150";"Mining Law"
"GeoGuide0181";"GeoGuide0009";"Bergwirtschaft {Technik: Bergbau}";"lkl=zu 180";"Mining Economics, Mining Industries, Recources, Production etc."
"GeoGuide0182";"GeoGuide0009";"Ausbildung, Beruf, Zukunft {Technik: Bergbau}";"lkl=zu 200";"Education, Profession, and Future {Mining}"
"GeoGuide0183";"GeoGuide0009";"Bergbaugeschichte {Technik: Bergbau}";"lkl=zu 400";"Mining History"
"GeoGuide0184";"GeoGuide0009";"Markscheidewesen {Technik: Bergbau}";"lkl=zub 000";"Mine Surveying, Prospecting and Geostatistica"
"GeoGuide0185";"GeoGuide0009";"Gebirgsmechanik, Gesteinsmechanik {Technik: Bergbau}";"lkl=zue 000";"Geomechanics, Rock Mechanics {Mining}"
"GeoGuide0186";"GeoGuide0009";"Bergbautechnik {Technik: Bergbau}";"lkl=zug 000";"Mining Technology"
"GeoGuide0187";"GeoGuide0186";"Untertägiger Bergbaubetrieb {Technik: Bergbau}";"lkl=zug 010";
"GeoGuide0188";"GeoGuide0186";"Bergwergserschließung-Ausrichtung und Vorrichtung {Technik: Bergbau}";"lkl=zug 050";"Mine Development"
"GeoGuide0189";"GeoGuide0186";"Werkzeuge und Maschinen {Technik: Bergbau}";"lkl=zug 060";"Mining Machines"
"GeoGuide0190";"GeoGuide0186";"Bohren, Sprengen {Technik: Bergbau}";"lkl=zug 100";"Drilling and Blasting {Mining}"
"GeoGuide1191";"GeoGuide0190";"Tiefbohren {Technik: Bergbau}";"lkl=zug 150";"Deep Drilling {Mining}"
"GeoGuide1193";"GeoGuide0190";"Schächte, Blindschächte, Schachtbohren {Technik: Bergbau}";"lkl=zug 180";"Shaft, Shaft Sinking, Shaft Boring {Mining}"
"GeoGuide1194";"GeoGuide0190";"Grubenbau und Stollenbau {Technik: Bergbau}";"lkl=zug 200";"Advance, Driving, Headways, and Galleries {Mining}"
"GeoGuide1195";"GeoGuide0190";"Tunnelbau {Technik: Bergbau}";"lkl=zug 220";"Tunneling {Mining}"
"GeoGuide0191";"GeoGuide0186";"Tagebau {Technik: Bergbau}";"lkl=zug 280";"Surface Mining, Open-Pit Mining, and Quarries"
"GeoGuide0192";"GeoGuide0186";"Meeresbergbau {Technik: Bergbau}";"lkl=zug 290";"Deep-Sea Mining"
"GeoGuide0196";"GeoGuide0009";"Bergschadenkunde {Technik: Bergbau}";"lkl=zul 060";"Mine Damage"
"GeoGuide0197";"GeoGuide0009";"Bergbauzweige {Technik: Bergbau}";"lkl=zus 000";"Mining Branches"
"GeoGuide0198";"GeoGuide0197";"Kohle {Technik: Bergbau}";"lkl=zus 200";"Coal Mining"
"GeoGuide0199";"GeoGuide0198";"Steinkohle, Anthrazit {Technik: Bergbau}";"lkl=zus 220";"Hard Coal, Anthracite {Mining}"
"GeoGuide1199";"GeoGuide0198";"Braunkohle, Torf {Technik: Bergbau}";"lkl=zus 240";"Brown Coal, Lignite {Mining}"
"GeoGuide0200";"GeoGuide0198";"Einzelne Kohlebergbaugebiete, Kohlelagerstätten {Technik: Bergbau}";"lkl=zus 280";"Coal Mining Districts, Coal Fields"
"GeoGuide0201";"GeoGuide0197";"Erdöl, Erdgas {Technik: Bergbau}";"lkl=zus 300";"Crude Oil and Natural Gas {Mining}"
"GeoGuide0202";"GeoGuide0197";"Einzelne Erdölgebiete, Erdgasgebiete {Technik: Bergbau}";"lkl=zus 380";"Particular Gas and Oil Fields {Mining}"
"GeoGuide0203";"GeoGuide0197";"Erzbergbau {Technik: Bergbau}";"lkl=zus 500";"Ore Mining"
"GeoGuide0204";"GeoGuide0197";"Einzelne Erzbaugebiete, Erzlagerstätten {Technik: Bergbau}";"lkl=zus 580";"Particular Ore Mining Districts and Ore Deposits"
"GeoGuide0205";"GeoGuide0197";"Industrieminerale {Technik: Bergbau}";"lkl=zus 600";"Industrial Minerals {Mining}"
"GeoGuide0206";"GeoGuide0197";"Einzelne Bergbaugebiete von Industriemineralen {Technik: Bergbau}";"lkl=zus 620";"Industrial Minerals Districts {Mining}"
"GeoGuide0207";"GeoGuide0197";"Kali- und Salzbergbau {Technik: Bergbau}";"lkl=zus 640";"Potash, Halite, and Rock Salt {Mining}"
"GeoGuide0208";"GeoGuide0197";"Einzelne Salzbergbaugebiete {Technik: Bergbau}";"lkl=zus 660";"Salt Mining Districts"
"GeoGuide0209";"GeoGuide0197";"Steine und Erden {Technik: Bergbau}";"lkl=zus 800";"Building Material, Natural Stone {Mining}"
"GeoGuide0210";"GeoGuide0197";"Einzelne Bergbaugebiete von Steine und Erden {Technik: Bergbau}";"lkl=zus 880";"Building Material Districts {Mining}"
"GeoGuide0211";"GeoGuide0009";"Grubenbewetterung {Technik: Bergbau}";"lkl=zut 000";"Mine Ventilation"
"GeoGuide0212";"GeoGuide0009";"Bergmännische Wasserwirtschaft {Technik: Bergbau}";"lkl=zuu 000";"Mine Drainage, Mine Water"
"GeoGuide1212";"GeoGuide0009";"Förderung und Transport {Technik: Bergbau}";"lkl=zuv 000";"Haulage, Hoisting, and Transport incl. Pipelines {Mining}"
"GeoGuide0213";"GeoGuide0009";"Aufbereitung und Veredelung {Technik: Bergbau}";"lkl=zuw 000";"Mineral Processing, Ore Dressing, and Benefication {Mining}"
"GeoGuide0214";"GeoGuide0213";"Aufbereitungsrückstande, Abraum, Halden und Verfüllen {Technik: Bergbau}";"lkl=zux 000";"Dumps, Tips, Tailings Ponds, and Hydraulic Filling {Mining}"
"GeoGuide0215";"GeoGuide0009";"Unterirdisches Einlagern {Technik: Bergbau}";"lkl=zux 500";"Underground Storage {Mining}"
"GeoGuide0216";"GeoGuide0215";"Aufbewahrung von radioaktivem Material {Technik: Bergbau}";"lkl=zux 550";"Repositories for Radioactive Waste {Mining}"
"GeoGuide0217";"GeoGuide0009";"Grubensicherheit, Rettungswesen {Technik: Bergbau}";"lkl=zuy 000";"Mine Safety, Rescue, and Health {Mining}"
"GeoGuide0218";"GeoGuide0009";"Staubbekämpfung {Technik: Bergbau}";"lkl=zuy 200";"Dust Control {Mining}"
"GeoGuide0219";"GeoGuide0009";"Bergbausanierung und Rekultivierung {Technik: Bergbau}";"lkl=zuz 000";"Rehabilitation of Mining Areas, Reclaimation"
"GeoGuide0010";"GeoGuide";"Metallurgie, Metallhüttenkunde";"lkl=zme 000";"Metallurgy"
